year,AW,AF,AO,AI,AL,AX,AD,AE,AR,AM,AS,AQ,TF,AG,AU,AT,AZ,BI,BE,BJ,BF,BD,BG,BH,BS,BA,BL,BY,BZ,BM,BO,BR,BB,BN,BT,BW,CF,CA,CH,CL,CN,CI,CM,CD,CG,CK,CO,KM,CV,CR,CU,CW,KY,CY,CZ,DE,DJ,DM,DK,DO,DZ,EC,EG,ER,ES,EE,ET,FI,FJ,FK,FR,FO,FM,GA,GB,GE,GG,GH,GN,GM,GW,GQ,GR,GD,GL,GT,GU,GY,HK,HM,HN,HR,HT,HU,ID,IM,IN,IO,IE,IR,IQ,IS,IL,IT,JM,JE,JO,JP,KZ,KE,KG,KH,KI,KN,KR,KW,LA,LB,LR,LY,LC,LI,LK,LS,LT,LU,LV,MO,MF,MA,MC,MD,MG,MV,MX,MH,MK,ML,MT,MM,ME,MN,MP,MZ,MR,MS,MU,MW,MY,NA,NC,NE,NF,NG,NI,NU,NL,NO,NP,NR,NZ,OM,PK,PA,PN,PE,PH,PW,PG,PL,PR,KP,PT,PY,PS,PF,QA,RO,RU,RW,EH,SA,SD,SS,SN,SG,GS,SH,SB,SL,SV,SM,SO,PM,RS,ST,SR,SK,SI,SE,SZ,SX,SC,SY,TC,TD,TG,TH,TJ,TM,TL,TO,TT,TN,TR,TW,TZ,UG,UA,UY,US,UZ,VA,VC,VE,VG,VI,VN,VU,WF,WS,YE,ZA,ZM,ZW
2000,0.0,0.4755344096743046,-0.4400079087418743,-0.2476842427181888,0.5848876167046826,-0.9528129148975116,0.0,0.6022809532650514,0.43454569889254346,2.189963272742328,0.0,0.0,0.0,-0.22311188582030964,-0.030396140177252808,0.3602542082576299,1.0227183658488854,0.14716686434326165,-0.7271891666164356,-0.23529954734834432,-0.1964560852717045,0.01708584287439672,1.372011087446386,0.22897664190456146,-0.20135600704068532,1.5508954720155692,0.0,-0.6117399832062848,-0.4950737246305956,0.0,-0.22075070210525807,-0.2021984597263742,0.0,-0.15347486561857732,0.252587053840442,-1.366230673023904,-0.1779910419066895,-0.6207446288822227,0.04569144695660071,-0.4798702215645861,0.6046363302687144,-0.3245004943909571,-0.4541921069656134,-0.4643967152484347,-0.5373025189110077,0.0,-0.027249657707616167,0.0,-0.018046862375816392,0.03922546806337934,0.2346095322383067,-0.0675183622160489,-0.07491222075126795,1.5010823521294054,0.15480338643041794,-0.6255738354259683,-0.43985309047680454,0.0,-1.0473321128892084,0.2645853222740035,0.538123216343097,-0.6565183596854601,0.18024366817054677,1.5590287167690278,0.15532819392062802,-0.5123094239154083,-0.6742065152317402,-0.14957783985683792,-0.2305409709248358,-0.18139962828532552,-0.2512409878988051,-0.47208039783599326,0.0,-0.22220320498535126,-0.2795737082030695,1.494607584043969,0.0,-0.08447273859607182,-0.27441258460252754,-0.22338123051057443,-0.12485688473934847,-0.021415774294989753,0.7122087356968309,0.0,0.41424468171527096,-0.17602682441381448,0.14058416711804966,0.027720467480246706,0.3944177206927725,0.0,-0.2023914595321997,0.9760326973437122,0.15197196665957552,0.7805353817007238,0.0043938278939023604,-0.13518851341128388,-0.4490872082977731,0.0,0.15481186491846308,0.9457827714592612,1.3965482403944967,0.460057808285332,1.0015800257914567,0.0853737111579621,-0.1004746477557869,0.0,1.1220121599212582,0.6803605876694139,0.7020347671098454,0.6160473393022213,0.4459020872859658,-0.417453770965804,-0.2137563161911209,0.0,1.1405631596546721,1.3815588513292458,-0.2121934121546769,1.5899365491820843,-0.48371440242946595,-0.23964100888776407,0.0,0.0,-0.5647431759240455,-1.1638025381890718,-1.0627629984231604,-0.5721270548852768,-0.8660514685473546,0.0,0.0,0.6706847544597866,0.0,0.5768508504284946,-0.14604187942799216,0.0,0.13872348418727812,0.0,1.218435839519742,-0.41695021489771017,0.0,-0.11084676609424694,1.0434331498763412,1.7946357848244365,0.0,-0.5949380883894995,-0.41581656697180475,0.0,-0.14462398141449917,-0.5998930701615672,0.10708683302067872,-0.6718393530210174,-0.36912514140061736,-0.1381319617661466,0.0,-0.3522969649129672,0.20966872991950344,0.0,-0.7039828533426334,-0.8990231468475716,-0.583168365574299,0.0,0.19076596490913775,0.23128359612117605,0.07897134333319818,-0.21350074141191777,0.0,-0.2476078100272784,-0.2483049202803951,0.0,0.051809909539066626,-0.44165318562545036,-0.19059837115909478,1.6312647535726916,0.2390833950501661,0.8392760997715311,1.0764257395915706,-0.09622784089610074,0.36785734803103565,1.0565312690279125,0.555979483165043,0.04459356062184504,0.0,0.3309378055774844,0.9237483398957496,-0.21060476044495047,-0.18328244923666193,-0.13886152207226132,0.0,0.0,0.12036499767908065,-0.2841372362007016,0.28778077506474253,0.0,-0.08259063188257273,1.177571939061906,1.565359378618684,0.0,-0.067276696754188,0.3455673915899234,0.5969714930076465,-0.8924927198593283,-0.4210703888154096,0.0,0.0,1.33097538325277,-0.09505999841722239,-0.10972395043822229,-0.10657267302353413,-0.4426297268942401,0.47950521981650857,0.6029168812571217,0.007566063062537043,0.3885880817153217,-0.1930992524755762,0.26703824433759255,0.5153428276744252,-0.27243378667764956,-0.3084423998661352,0.7422673548682068,0.01998660194585676,0.7182224179054659,-0.01938906572069384,0.6464506635850142,0.0,0.0,-0.3151676359191772,0.0,-0.2608836138165695,-0.20590989152333894,-0.09520977177167536,0.0,0.09432569424145261,-0.5228074149621195,-0.5774326811125948,-0.41738167234440005,-0.40570271614364933
2001,0.0,1.1568486644676967,-0.005436468242845235,0.15623052045653674,0.19730451715904473,0.5770434352195176,0.0,0.5278380307669258,0.5287282335005196,1.311316137492849,0.0,0.0,0.0,0.1323615861396279,0.3238435527894518,0.09684691496926802,0.4292493854469384,-0.32148087236217743,0.3734272004046346,-0.3368056616164459,-0.21478596402601013,-0.003982617517562216,0.8429061706385163,0.009508504688236977,0.06521026037400518,0.21391088523213828,0.0,1.2844575285680975,0.007251173862453848,0.0,-0.3701825071615041,0.22554376713424165,0.0,0.2595692096461849,0.752735956029279,0.2993155714596285,-0.01693336032302451,0.5303204212717002,0.13763730566464424,0.11849959163601846,0.4081477116280294,-0.3036224993934706,-0.3097277186646781,-0.3762663523207776,-0.31455876776357844,0.0,-0.007143296947868983,0.0,0.14772162424503676,0.14846691596233033,0.18237359623030808,-0.006814409368985253,0.12821254454469985,0.6633226290621004,-0.09707500448434485,0.15317025668620826,-0.5693525104093606,0.0,0.044488938779449066,0.4140394915973644,0.9740937256361072,-0.893422694356825,0.27990232338962956,0.5498559805549819,0.5364905311930332,1.0473315385490964,-0.49696616558511947,1.0045749626439981,0.07436638793342693,0.07881548830651197,0.26835583338375396,-0.24792314898066528,0.0,-0.4885511378191215,0.06788454488269782,0.9848007644813835,0.0,-0.4141202494613653,-0.13383976492417654,0.09929495804257385,0.03199000813437318,-0.014766354046504539,0.6895126922788914,0.0,0.18906984221076553,-0.07174864736265545,-0.10048056870736369,0.11815927442893051,-0.0032231614411883103,0.0,0.09040664862139383,0.2764322845020318,0.606778343104242,0.22204300335806906,-0.04061550412349773,-0.4042704582430095,-0.4807542321623044,0.0,-0.3219777397510149,0.5774441346490107,0.9092144772668477,-0.21481314381077796,0.4322564324294345,0.38354806442941797,0.3790311677569884,0.0,0.6646289071026331,0.5711128106233362,-0.2740739157339331,0.15295447231809747,0.21889158117472526,-0.11262187554171166,0.2772587911621443,0.0,1.0108121821787732,0.6422359230981496,-0.11117485157642971,0.911102922632646,-0.42073206537982255,0.16879784085684937,0.0,0.0,-0.1356641562566591,-0.5507319171508096,0.7362384898177392,0.3399815581266078,1.0057178245323701,0.0,0.0,0.1208367307552063,0.0,0.8093503689371466,0.43824248594937537,0.0,0.3885398552433115,0.0,0.6441515600555492,-0.3927654449052103,0.0,-0.005857333137133977,0.3264395038284172,2.0178454346461048,0.0,-0.33059849054758067,0.38729879913103055,0.0,0.27721791808301666,-0.25612275724723516,0.0812361960597514,0.036656928161933146,-0.034764062382911735,-0.07674721856050387,0.0,-0.20077487457447898,0.2266420308715854,0.0,0.3655312192590211,-0.06945791004369581,0.084770864874126,0.0,0.35234143722475536,0.14672821241144735,-0.12115840306680617,-0.089465049799742,0.0,-0.08443478896640817,-0.12683391215576492,0.0,-0.04719625366650638,0.22190335797621008,0.109863583775096,0.7777865845276454,-0.1080785094479229,-0.5008274549606183,0.6374894651588837,-0.20362714208708135,0.07472499465952866,0.6774014442029257,0.7032881220972779,-0.2925657251686067,0.0,0.24458941075700422,-0.16071995996813115,-0.011244088015754347,0.3703452824927364,0.1506496376599292,0.0,0.0,0.6099070023241995,-0.18731809602825,0.2056372807410946,0.0,-0.14760964869652723,0.7272200805488339,-0.16557854144572803,0.0,-0.11825082685314238,0.135802191090159,0.6366437271807349,0.34810144076729466,-0.363762319958427,0.0,0.0,0.8087883880997228,0.0450260466144717,0.29834684779746734,-0.3736027136369379,-0.06561449624327098,0.4685090294760638,0.36141131428471734,0.07053005587438649,0.3833348550266275,-0.05674455733873129,0.5234897957136002,1.3402245692345007,0.31466434552760986,-0.42212198356590086,0.21510110284942904,1.205015518271337,0.31190791268436835,0.38902783127608875,0.13643529785886963,0.0,0.0,-0.0792106470657517,0.0,0.054893679359054204,-0.12662860614706087,0.32105337360710273,0.0,0.02019682874549744,-0.3072246191538678,-0.12148119175720597,-0.3149655495153288,-0.10529392721682648
2002,0.0,0.8771174450490727,-0.18837626033272076,-0.0760788375543484,-0.10965296139987411,3.133613757048087,0.0,0.7204969297000645,-0.3472664110021221,-0.061222962420103694,0.0,0.0,0.0,-0.01625054632441055,-0.18288927110396175,1.1404611115769532,-0.08824769164474199,-0.1095121732243384,0.3701883252625091,0.08803506188365656,0.845355367895444,-0.11316793719093553,0.6898741378322356,0.17294222389186112,-0.027759401686141785,0.6954755528967639,0.0,2.20500365432474,0.08137159283530863,0.0,0.1897068405768674,-0.0833978949147116,0.0,0.2505286031237752,0.20765450217442766,0.7678381349743868,-0.11014320874870139,0.7265943295652038,0.405677677248352,-0.04083326463407607,0.31244060492222175,-0.12850629577419437,-0.03703915365135707,-0.09387217923033261,-0.016943317158575402,0.0,0.4345934860298513,0.0,-0.9653787419026875,0.8037603890960928,-0.09774468459876041,-0.011483944203386423,0.043577225671375196,1.2251172216866824,1.2969022337886247,0.8470107132805118,1.2762853698379928,0.0,1.6968757891212594,0.22878665149367045,0.1072321294564299,-0.389995410546069,0.7396863193945156,1.6586358678266078,-0.5454533069906148,2.261332633598999,0.2630130519173975,2.28720837016956,0.37865216451306594,0.7197742870830189,-0.3172465557290962,0.9564805341379778,0.0,0.20777350411799897,-0.056960498731887535,-0.09171420064835611,0.0,-0.004414330583524889,0.3421207310576257,0.6156013992137414,0.5447326214434777,0.28511053177627427,0.27353898583517056,0.0,0.20737821122473257,0.3841236645779816,-0.09522734201866949,-0.02219930074060737,0.318897061774453,0.0,0.21115219378617026,0.7409924905665102,-0.17742935491773426,1.2935562243023404,0.14554706925885708,-0.3371458949986466,0.34434224198003793,0.0,-0.5442435234527365,0.4808430604554135,0.4479120186690573,0.21939501238151038,0.9933429273124378,0.030565684753683924,-0.05643246274826178,0.0,0.8443658334160996,0.528925380580339,-0.4011203715215052,0.3078332669048023,-0.008835388116677542,0.4928751283226709,0.4153860769084591,0.0,-0.11021550654645236,0.7121803402259941,-0.08628041679073488,1.1959445475304353,-0.21240026613238017,0.6205241851732992,0.0,0.0,-0.03563444563390909,-1.2548397331797914,2.1880397124344593,0.42271399582010416,2.190010573034065,0.0,0.0,-0.861698049435054,0.0,0.9519480825149603,0.2959146546963083,0.0,0.42786741184040245,0.0,0.3816210606580783,0.612561173379154,0.0,-0.14781926116116817,0.2076990439617899,2.389640793899033,0.0,0.004020904012809879,0.6689334916890466,0.0,0.07236523042770138,-0.18391714739209722,0.7461290966937411,-0.35836211100323756,0.36762654017811713,0.6475419759873533,0.0,0.3034524342840022,0.12191251440014973,0.0,0.7462318323216515,1.7878958053883491,0.08976067913881937,0.0,-0.14139962439511486,0.6033464740502401,0.7898551048544034,0.31272611464239364,0.0,0.4243177980707385,0.1486260042648972,0.0,-0.013649369665678222,1.683723648527857,0.01368748962503442,-0.03453036697818075,-1.1441824599766601,-0.20483016775654816,0.970193822109176,0.05319727380439568,0.3521578987820664,0.9234115054488803,0.5614254555689189,-0.07007865412097808,0.0,0.4128301606109347,-0.035921989481439966,0.010320538754464226,0.5089790925237863,0.2808129211685468,0.0,0.0,0.1796281304386344,0.12787647527796464,0.4624715688475606,0.0,0.12209426836025625,0.11325465611400005,1.0014346577699846,0.0,-0.35855172515176653,1.2845300827386747,0.9502383392493223,1.9964360698633232,-0.046274967732195735,0.0,0.0,0.4859014313774142,-0.07579816722536255,0.5010966043435414,0.1329007794336564,0.13885391065681446,0.0873584695053943,0.27161852813427684,0.3826025604482405,0.33430473926553833,-0.20842302359652806,0.16234711169763405,0.9341474256229396,0.1450144360321307,-0.2467163632269799,0.5734062467169336,1.4797350873618003,-0.5210068764627279,0.8476948040593196,-0.043361525577964063,0.0,0.0,0.03216309662548669,0.0,-0.04841977885181828,0.12808239364504595,0.4717136833403234,0.0,0.4182746733772736,-0.013732677585877623,0.05491840710839316,-0.07772930186602235,0.6191400966757278
2003,0.0,0.5733067925997867,0.13226886787281927,-0.16946953424214448,2.19964748080448,1.1303833130947396,0.0,0.6603925017486809,-0.21762058474296278,-0.1409193602118703,0.0,0.0,0.0,-0.23080742024602596,0.28386117963817953,3.0158172308723254,-0.6905937194736231,0.0126394433196058,1.742201233878968,-0.023663170131560683,-0.5354913917873033,0.27155124453534935,1.8356921888403497,0.3305390245525359,0.2583590576505015,2.758707385193581,0.0,0.2709636282940988,0.2904976005326524,0.0,0.08935236274773087,0.43224341192718135,0.0,0.07900528657168192,0.2700842440829416,1.8977575272961733,-0.26047660955462015,0.55397406145785,3.8153975333781287,-0.5722765546874996,0.3135371190512568,-0.03802444457490472,0.05703616941994315,0.01514264572441562,0.23780923574729948,0.0,0.26679855015306614,0.0,0.37594513927585166,0.30609581374539235,0.385947105187647,-0.09670295493102306,0.2268564679211901,1.2433774012232763,2.5353491712528093,2.5162256456736176,0.030053767415163357,0.0,1.5067858304985358,0.010137010744163958,2.340425125536902,-0.6244788598581715,0.37219352003523565,0.9951773330778713,1.6089253313404528,0.8158623406799651,-0.12438109917745711,0.8704667601685145,0.2615507998485711,-0.25905419159874693,2.8655518968390608,1.8796589109112742,0.0,0.5295556652382707,1.358082004488321,-0.5394601926355062,0.0,0.1911500888338258,-0.029886631231374444,-0.08419563052484492,-0.024043506847118614,0.5782261475618746,1.4196250632045209,0.0,0.9963418800158083,0.44831611898685764,-0.019347400959835184,0.22770701427726728,0.6454701213401517,0.0,0.2522731238858169,2.952645567530107,0.13275286774309092,2.3622120448072774,0.2525718531178184,0.8208987439300964,0.18544598409214685,0.0,0.7439806050578627,0.0980384865101242,0.5709024524808224,1.7480045570776974,0.6007974941176085,2.973572075212683,0.19616113155185122,0.0,0.5177497173681108,-0.9358506030077964,-0.24342992598554092,0.3076995372230989,-0.45215311395797747,0.3690568228698936,0.05778752703867302,0.0,-0.7503856700223421,0.7912692634736187,0.3726319325056964,1.0389314387240727,-0.341274798778865,1.457584516419318,0.0,0.0,0.3212325198211209,0.6870924759118132,0.8348606150831784,2.773165943010545,0.8004380056528747,0.0,0.0,0.9827442503847308,0.0,0.7291585535602453,0.24400039144744892,0.0,0.37730438332420985,0.0,1.8126312499628794,-0.46382839270965687,0.0,0.140747393591315,2.196550586174928,-0.07433846040261778,0.0,0.7319271969502831,-0.035537724509449566,0.0,0.45250684265089164,-0.13063661563838638,0.5194431172116603,0.23568465648518097,0.05731949919185389,-0.4199634084366455,0.0,-0.016348622809509973,-0.24913383586023438,0.0,1.6784349147382986,1.226955181933242,0.06207667612580701,0.0,-0.08641557342311401,0.42405417913725835,0.020744669901395157,-0.10487909656612343,0.0,0.6602380620664391,0.1558478224033169,0.0,-0.16923180960072848,1.4113807813977548,-0.13234399308526884,-0.40656614681246567,0.6325569654626787,-0.22276298971905129,0.5225021698620367,0.04444189598990533,0.7211191645551642,1.5361700860879413,-0.07160334044099614,-0.12035437123815679,0.0,0.6807935058176157,-0.3812040716090909,-0.3058031276340032,0.013790220900760325,0.25921632255947696,0.0,0.0,0.51648039865889,-0.119184658247522,0.3867469687566295,0.0,-0.12620444436488884,0.5726186981873376,2.250780513341768,0.0,0.07177542947242214,2.1615262508046436,2.6905706999935397,1.110850388173606,0.8511744354579853,0.0,0.0,0.699843883275957,-0.07229601609956642,-0.4806585622389538,0.08079599662599186,0.1831330997524553,-0.13935277503287752,-0.4046945327856113,0.4760672562369417,0.12475936357229027,-0.021209968600961998,2.496608274432839,0.9319030348052081,0.18444448539924901,0.22298577632380792,-0.150877160797942,-0.020383617719736142,-0.3200332266564664,0.18634166165770655,-0.39262726088590927,0.0,0.0,-0.18329914714644358,0.0,-0.18792213202923827,0.40545699200831187,0.2080092776255844,0.0,0.47139063211845195,-0.30750065468126947,1.1243673682271378,-0.02310533807685127,0.8334473546163021
2004,0.0,-0.13876845964649026,0.17418435727180856,-0.03346933219055851,-0.9208990176648656,0.1742960557533782,0.0,0.31778191949338946,0.20879326908187626,0.17259143251490322,0.0,0.0,0.0,-0.0813874980397327,0.1773911962765131,0.048008859845911626,0.03809441385456549,-0.08494873727948389,0.22266689664352907,-0.0012384854686208974,0.0761189618659468,-0.07779936650820894,-0.3461702810886299,0.06671030640950448,0.33098331678261766,-0.15186480354455384,0.0,-0.058955601713261,0.24991278260052543,0.0,0.23504829004643157,-0.42010553010525825,0.0,-0.11980597364465456,0.16070645184876547,0.043440281089557255,0.11559700819017811,-0.45095716001326663,-0.029353367629205887,0.13209002114464388,0.09447205263315529,-0.023039843184151438,0.2716644879342911,0.11375906374706596,0.43600196731546775,0.0,0.16642327477332305,0.0,0.36543868589848216,0.5915050581104814,0.5144556405095142,0.1735463736093076,0.3126591705031009,0.344613254750124,0.0720730040172247,-0.11697717138568792,0.8296611051161786,0.0,-0.198039081556291,0.49460381018402855,0.27985802747182836,-0.17143216506291387,-0.06718743385748124,0.9972669335256908,0.7072890062125553,-0.08224597830926066,-0.23684652548320373,-0.24109178174798476,0.21979497607393064,1.4606728290426614,0.20385543311114826,0.843811580917524,0.0,0.06236663832282952,0.36293966780757875,0.20615140025222628,0.0,0.0032469018691572,0.007010401095773156,-0.13428954012944255,-0.030221533881403525,0.18536698167907492,-0.08807375557459729,0.0,0.7900019824514805,0.24243563995717288,-0.2989357991689303,0.014503951631461105,0.6137176123536686,0.0,0.31848610031665325,-0.29750701694441345,0.1880139883885132,-0.3472019838638465,0.276787641442733,0.278065319432244,-0.10451890811635019,0.0,0.14121230516033106,0.14054363598116057,-0.024682988937628086,1.3551585176047611,0.30160572086477316,0.08035087856777498,0.5669696770681596,0.0,0.011584679063760785,0.875150134985434,0.4403058550218413,0.07445064223027047,-0.01318189305521368,0.04624408843480926,0.19113917069614395,0.0,0.7451649105834399,0.4616328982835791,-0.04557436299642028,0.6210080710461435,-0.3444959733127381,0.11813193248097269,0.0,0.0,0.27837213935954286,0.7781755256064015,-0.38184347169153976,-0.18378050607565452,-0.18523961720841822,0.0,0.0,0.8712016957841408,0.0,-0.1606709136387149,0.19905534143076958,0.0,0.10646051313355175,0.0,-0.4228891150367088,-0.2931756255931383,0.0,-0.04483700604052214,-0.14727766279860832,1.1491447402169583,0.0,0.2708782098552794,0.27833241330946434,0.0,0.3472750808760725,-0.319483919848078,0.1158938453976589,-0.3409811604184548,0.8588707246352996,-0.04918545038001799,0.0,0.13692339051130137,0.416745224634678,0.0,0.27665429643570755,-0.03601734759245248,-0.287574462100471,0.0,-0.6981351891338321,0.24229739302382095,0.0393515959613337,0.051748639584625666,0.0,0.5323713991274864,-0.085014388389222,0.0,0.02884908818983911,-0.10144132878586642,0.04793511136901167,0.32126603815560534,0.7392087188471724,0.036348397480152644,0.029282552979585336,-0.16627086341194777,0.4689353236252842,-0.060318270039714086,0.24506326684870353,-0.2020027052305357,0.0,0.2699623256947324,0.7238472092165693,-0.043960638308395604,0.039971753756114385,-0.09216617372832539,0.0,0.0,0.4545979659870896,0.007531348327982645,0.2441051411295385,0.0,-0.15656563374860805,0.6212075140895049,-0.40546097892756705,0.0,-0.04916099511676939,-0.14306060506524582,-0.26118834508961236,-0.2290736554288317,0.21654472889468043,0.0,0.0,0.05169274032943923,0.012339302773758241,0.4660390160016386,0.021224606233797884,0.02242723001381789,-0.6597492407863141,-0.11862804143502621,0.7054660631904024,0.43119758707913053,-0.05852897710826155,0.23062853954366375,-0.03693146090921584,0.19775725465323798,-0.040967804289562613,-0.886340118030661,-0.45078577290343314,-0.08307492021324045,-0.5346155705766851,0.14802242842312466,0.0,0.0,0.11853908981844356,0.0,0.012867865849538397,-0.07841940962040918,0.4274412429886434,0.0,0.17429147828039504,0.4407420014163975,0.31145479080514676,-0.1625317561381407,-0.03944548271834756
2005,0.0,0.06848022433594056,0.43431443578069595,0.48368165071815383,-0.8931782826751812,0.5280133194584474,0.0,0.4979173085968362,0.14572456276845877,0.41470434408980833,0.0,0.0,0.0,0.3681456290546334,0.0154562545603123,-0.267931853982961,0.6975754448572,1.243939474538486,-0.08121963223521711,0.01572114144965682,0.022378949057990295,0.6698068360510313,-0.6055214606950714,0.19804097362670822,0.5183549957226793,-0.7896468944065771,0.0,0.2132557914592496,0.4983018687422874,0.0,0.5813253526988149,0.05011674652307951,0.0,0.03418858810078953,0.13513309436604037,0.5321829065429883,0.276752703294451,1.168897761648889,0.04733297222560475,0.08458164997874722,0.6339360217832625,-0.04496091320261624,0.14496237523335462,0.6790513585141814,0.8114205276104789,0.0,0.7586495616822818,0.0,0.5399625503338067,0.6710995381947567,0.37571001493502443,0.7047059610211855,0.32316562388048925,0.07195518445674975,-0.20992565320982404,-0.21420298720101505,-0.6437213170960927,0.0,-0.1341114222327058,0.5733926600799965,0.5176266184647363,0.41766853696532374,0.24856381046189988,0.4880563569175318,1.102867285060803,0.7606571567232483,-0.005369091081604156,0.931225060785993,0.6317294115093439,-0.09447943970695806,0.4376519962200742,0.07995783297201263,0.0,-0.3321237029386904,0.3576178208187488,0.4693360551342369,0.0,0.10656926477533156,0.12658187501504142,0.41727611855160773,0.40244686172292027,0.11179159589735022,-0.12790513060482864,0.0,0.7682484560424165,0.9567852329163862,0.011588267317999149,0.6618328332470013,0.21427800776703454,0.0,0.5532725785882775,-0.7456172152192295,0.06322965109273244,-0.5029178100502357,0.42403060869677667,0.1835072390358429,0.6488467419041655,0.0,0.48347459261334935,0.5727033458139676,0.2722721738247352,0.5600426424151054,0.6270092213080123,-0.059591938169521325,0.36429696380491783,0.0,0.2837725002323887,0.6155138649933336,0.7127380389951908,0.40507515310645603,0.5794233390636193,0.3427592676000002,-0.06561732700438544,0.0,0.6752231810467212,0.7011448692599769,0.06774579434050491,0.8527337372027546,-0.24343973660387835,0.545122804416367,0.0,0.0,0.5754453559836568,1.1061192675102725,0.1497779575982496,0.15404568777198618,0.4214251402468856,0.0,0.0,0.877795287829094,0.0,-0.1977877265648056,0.6861636212217238,0.0,1.0031635778744024,0.0,-0.43058218507967183,0.011782927038844359,0.0,0.4436280237054042,-0.5805775180097552,1.35214347393163,0.0,0.3634959812405104,0.44801275341148594,0.0,0.421852321767618,0.4899390001096572,0.6119067680630829,0.39886264660370946,0.5102851332850137,-0.3235670289077979,0.0,0.19337734201906034,-0.13558674138247603,0.0,-0.2499762651652137,0.16459897640187926,0.43022012045520497,0.0,0.7770865887383923,0.3433133832247303,0.2607001206019851,0.5021542293042381,0.0,0.7541372401400285,0.26213820907527796,0.0,0.04944450203822821,0.04929727225221582,0.3133731157174346,0.3927699572410052,0.927691876381371,0.22625096527944338,0.2621756028448014,0.057283116784465925,0.5823565897470124,-0.40694184536997974,0.47090920266172537,1.2321186186969637,0.0,0.40248591330935607,0.10880005879480481,-0.07346683574954774,0.6789149170279374,0.402804518717005,0.0,0.0,0.22846200984967446,0.11366978109731206,0.7646661628756829,0.0,0.04834531916931448,0.8757099361865125,-1.0573179412671865,0.0,0.48130179136674484,-0.28680774055079716,-0.4173927538562745,0.21633892990331763,-0.09082651175164623,0.0,0.0,0.010288822970984213,0.2872581661484522,-0.04051948080852624,0.07863032106854913,0.3401289305841439,-0.28546170906126606,0.7038921288025966,0.6821580381704904,0.6454124976067988,0.44651853214445036,0.5504098743015139,0.5088978560194278,-0.0686102863799928,1.0266051408386616,0.37597119119931427,0.1693942177117204,0.10992791545965343,1.0519658622528867,0.401690086041076,0.0,0.0,0.29111689924091505,0.0,0.33331469385956325,0.272150431155945,0.38817630443759954,0.0,0.39142484807952843,-0.9114230492893697,0.22513713180377037,0.2979326492853077,0.21354324401843727
2006,0.0,1.8731399933956852,0.23640523277509992,-0.07899729682583256,-0.7341252987312181,1.6673798190495859,0.0,0.8907646852268791,0.7945801510028845,2.399508656043253,0.0,0.0,0.0,0.06103907232382513,0.15052546037429576,0.5527026034944219,2.131180451789747,0.5229445737192377,1.101479595715935,0.40115358963983894,0.5383703701951923,0.4589501838836195,-0.01976166218327869,0.771810066402395,-0.18344521105922817,-0.10778911124054438,0.0,1.150567981936135,-0.0018360926386299082,0.0,0.5249063170553372,0.5903277789755578,0.0,-0.09457995286456793,0.5024547305657934,-0.31180117677340213,0.11625070978270069,0.9545670533026098,0.7001461249252648,0.09231981293661812,0.9676689130567306,0.5425635787454632,0.5591758119898002,0.3631446325551753,0.42797655549680064,0.0,0.6969284930614669,0.0,0.21542987934369273,0.835576487525671,0.031618453748176324,0.4572206147985109,0.2887278044768588,0.3893742884894215,1.195436300547048,1.3053295859162286,0.8538520092785293,0.0,1.6770634905379318,0.3769764065663853,0.5651626838763211,0.6169048065446192,0.3930377004472125,0.9957659363339878,0.9326361038317212,1.6928967209662251,0.42768923456396124,1.9271156358904342,0.020944893871670173,0.45314149198050596,1.0947998907639658,0.5872558644267935,0.0,0.25699871665768254,1.487157480306799,1.8923270892002257,0.0,0.5537891019885982,0.4094637379220392,0.33577505840743416,0.3959041792939467,0.5944415514307398,-0.0923981114371788,0.0,0.6352221798186866,0.42533148359176104,-0.1909528061236756,0.3593368047758589,0.3170091916429936,0.0,0.25419524059097987,-0.02146266789291678,-0.14574740142416545,0.3946387464479196,0.4114513359321925,0.8921091501545484,0.05296761617556705,0.0,1.0144369852099109,1.512752301303602,1.5392745554515546,0.5043127303955381,0.5965034189327694,0.14959390399702763,0.509000943999364,0.0,0.28978812394454256,0.3056078458380258,0.4260850312175899,0.4056407579605247,0.40699207031088225,0.05642171422821571,0.09965875530393238,0.0,0.34837216004982313,1.3622740432536187,0.25893460798187784,0.9595493465394421,-0.05410516845008145,0.8079681448906739,0.0,0.0,0.3196855027940248,-0.010969562269979116,1.681559740453794,1.2852190321609727,1.823250950491603,0.0,0.0,0.7601473729956914,0.0,0.14574578627585671,0.6181372193774949,0.0,0.3250473873802834,0.0,-0.4425022579256934,0.6405130041635659,0.0,0.07848431000102077,-0.4314881149794831,0.5199673598618841,0.0,0.6273135201817079,0.8901416826630733,0.0,0.4448067411864548,0.054390700243862056,-0.10577503549292597,-0.7880114693100286,-0.03989808542316527,0.5288997351396861,0.0,0.744304050930839,0.4003687457222417,0.0,1.207571089639337,1.7857521247922648,0.2046598590326989,0.0,-0.5284432896044532,0.5457038674040509,-0.034478255130939495,0.4803883541235199,0.0,0.7682526313581833,0.14672826450526089,0.0,0.06580557985503675,1.6359481311184374,-0.15207542873466415,0.2940668955163972,0.9318758275108504,1.3319710052440736,0.2014716499977188,0.24406451016005803,1.0002568834697618,0.13329693657695754,0.7396448021984229,0.5772454808774736,0.0,0.6657331450724793,0.7914767604227426,0.1687323085855342,0.622732971496516,0.19092437560654693,0.0,0.0,0.15708336802930312,0.2871643838686731,0.3875621317605449,0.0,0.14098133313707822,1.503385921234214,-0.38298825699384254,0.0,0.058336192920129024,0.73364233625783,0.15143934272873416,2.0136702575016194,0.6616958834030658,0.0,0.0,0.4168047673337943,-0.1610171779529992,1.595327989410327,0.48819315353256887,0.15405422305098598,0.5575810072502778,1.3504438423720166,0.6096195410946644,0.008020992712545194,0.15540535206545847,0.6037326505638569,1.1211918493722397,0.45495041230907884,0.582181147176011,0.1882245440436703,0.7670074599587752,0.853719734423108,1.0102013216039352,0.8406954700096445,0.0,0.0,0.28205799215469607,0.0,-0.13013663845363985,0.08316617365667973,0.08066449205095996,0.0,-0.11288491403460436,0.275424909010632,0.16590949075137498,-0.009408933788065102,0.31376426922497835
2007,0.0,1.0662877064890026,0.27660084648565614,0.24261691489277837,1.329481234854108,0.7393097707145747,0.0,0.96502402652373,0.23685266642527117,0.48689996874262126,0.0,0.0,0.0,0.2649904452106029,0.24548196670203443,1.0404881204033518,0.8328272384076457,0.2620778334951869,-0.11859053905740677,0.061736985856832766,0.23094823985749896,0.19978090452416847,2.3073314334996677,0.6095437309073569,0.15511780825134505,1.8515994121031698,0.0,1.2792130543854912,0.45009405836018807,0.0,0.42842042163567523,0.25908421119527214,0.0,-0.19728620205982988,0.22710150516346528,0.005730609278929339,0.10521159289034804,0.32396797566372354,-0.39995661493651724,-0.35614048298266826,0.6632369096786513,0.5094721317427012,0.16260520922991434,0.3085379756833492,0.5462541618828712,0.0,0.2984082454436588,0.0,-0.5258587756157264,0.43978884234693266,0.17676977116145984,0.5348516314202433,0.24728568282165495,0.938135635313374,1.1215972336278184,0.1793873298394754,-0.3173334158505736,0.0,0.4929960602414395,0.49733041910044795,0.20170326981254788,0.1877155392517973,0.6423398002120422,-0.1077883510677867,-0.4035684262835585,0.9248045683960188,0.07848672554502284,0.789040446446195,0.16163553662118743,-0.641435287232169,-0.6559834735512966,-0.49541076400062445,0.0,0.35247825439115466,-0.356359332993267,0.8308990722450812,0.0,0.36668307888574214,0.25970005041347044,-0.16235013484933883,0.20347273612059916,0.380347486826395,1.833569301456948,0.0,1.0480306307949954,0.5629954246757861,0.2088761140709797,-0.19668250748661412,0.41913528605918104,0.0,0.31768044006606017,1.307867584976623,-0.10655265674169813,2.020510215419882,0.4391400941673837,-0.15970357129180002,0.09504951767961003,0.0,-0.22465248099339805,0.333783175303077,0.8032679913783115,0.9907216446388101,1.0577636601678528,0.04896347895117264,0.2954475297627698,0.0,0.6600112876999101,0.16718628791927176,0.4773616556379201,-0.06814140596322142,0.6954693184178437,0.22290267857417392,-0.27408731250477913,0.0,0.4665757214022483,0.5714404830254104,0.5719479687164005,1.5414901252752884,-0.21184237325976144,0.7916314764085346,0.0,0.0,0.22407224449247543,0.8757132338707599,0.9395104134658683,-0.37995058238487683,1.0904772145607424,0.0,0.0,-0.008571421600374756,0.0,2.8711931072163543,0.19806206999479142,0.0,0.42214914784491814,0.0,2.028252948294621,0.18898712601829717,0.0,0.3142542590560145,1.603068379974503,2.353227084576976,0.0,-0.008322395839952458,-0.11924837153630105,0.0,0.5880542017945456,-0.35045345446455034,-0.15759471267000216,1.0298645657220658,0.0299695790369547,0.022962289224199354,0.0,0.24354816918874073,-0.19966850121036922,0.0,0.24986494411998544,0.47168606107058825,-0.031813459870316536,0.0,0.17767224903659648,0.5028633002683165,0.15410508178924015,0.3309783795091866,0.0,0.7822081253417237,0.5401292227845,0.0,0.02643493213788634,1.03853080721196,0.33741715909021275,0.5616815975456529,-0.7445308839756054,0.46440350317463336,0.5365107743652212,0.15417596459805813,0.49239598999915357,2.4480243864012867,1.1898532711739878,0.32733427855427616,0.0,0.2402812726362281,-1.0826756195202636,-0.3254843740247738,-0.18757267021721766,0.04208295276036248,0.0,0.0,0.3877348837309661,0.08306977325079562,0.36785729606347073,0.0,0.19135981727841367,0.06221411582443714,1.8392195086413659,0.0,0.11291746284237202,1.6497226903112254,0.770101373887391,0.438975494766808,0.10352380734303762,0.0,0.0,0.7534300033019801,0.20145546356654145,1.1175978015212151,0.21999795224306487,0.46449243918535627,0.4110371678572572,0.5539884484195364,0.5901803167926696,-0.028167902253983357,-0.07408788747268033,0.5431713933606874,1.932999380128573,0.46810107490214303,0.06564053737634072,-0.47089249163818087,2.2809401579338795,0.5138808576255554,0.7478994637694587,0.7535725122724173,0.0,0.0,0.09709801889328724,0.0,0.2580184446550409,0.33840030472087096,0.11629868579924381,0.0,0.048797729606159614,-1.1574369446192776,0.5532748438089228,-0.40994421720356405,-0.5131394980774819
2008,0.0,1.685743347253094,0.19323474465907214,0.030153079928027182,0.46238720955526064,0.7305543929000843,0.0,0.33211084436897625,0.6332798741241844,0.7653254956613712,0.0,0.0,0.0,0.05584903119060218,-0.46291365781709537,0.7268375872162303,0.5001975372270713,0.04170615774037056,-0.048711468902168924,0.27720149929627136,-0.19525180617267854,-0.15786216033505412,1.1518997440638794,0.5336637898484847,0.20544828850237687,0.9159067147657335,0.0,0.45205098281431594,0.2789542136752704,0.0,-0.01664838714683151,-0.30203668229051905,0.0,-0.5942575525239555,0.48420624401487744,-0.5786173695083452,0.05632165557301062,0.0023183654401017534,0.07727535623505154,0.8660861553377819,0.08334617104515064,0.4049508381224557,0.29025148259323413,0.1861327206496171,0.3462719293320515,0.0,-0.03335255089372142,0.0,-0.10560064052062519,0.36035433960107555,0.09175860408761916,0.19631035592694465,-0.16421707445899375,1.1612113665734964,0.8354893690536567,0.48854468833796594,0.9318451464247748,0.0,0.7477911597610543,0.29283308091652044,0.5105984144730666,-0.12711899145035122,0.9692766932081245,1.724705310695891,-0.10798465711388137,-0.00900837737014804,-0.25659584070849095,-0.7425518070233038,-0.21076206070748593,0.749216879392636,-0.3115015911652853,0.34457081224040775,0.0,0.1122983127209048,-0.0012611789729712964,0.5516940983837465,0.0,0.43374236170694547,0.013914899761316277,-0.03972082952274103,-0.025327390494901833,0.5392918359919897,1.3037420177229702,0.0,0.8844119817230854,0.16341952923204678,-0.20787986989832538,0.09136720261842494,-0.3508628920561979,0.0,-0.10162202300529742,0.6766768990124435,-0.24743953082997186,0.7073206710923138,0.13218709337241266,-0.006192613611252303,-0.4948077340945132,0.0,-0.16205116834523747,0.83177471871714,0.8552537414391317,1.1196226389639445,1.2903118884566571,0.32110332989612356,-0.14844302430750086,0.0,1.0410049523702702,0.22763855347145764,1.4907308585783017,-0.019152423441442266,1.554469669214726,0.0608021435125527,-0.6938780219921012,0.0,0.34478528481657805,0.30726154822314516,-0.06435158941662661,1.8525978836165489,-0.29477157315278707,0.26116810336169577,0.0,0.0,0.1386222736361239,1.4066652280349392,0.3534250928442165,-0.18826533029528306,0.28376112037650975,0.0,0.0,0.45237992985642816,0.0,0.8805529611576702,0.1225550693966939,0.0,0.12268653337866554,0.0,1.085104618959448,-0.3558557728676587,0.0,0.11290927023927229,0.8090643335012678,1.1782939958835472,0.0,-0.0031657519722091054,0.11409227155153859,0.0,0.39637605086732336,-0.7283234398880281,-0.41087315722062046,-0.585002859119871,0.49135139866091004,-0.4630831536268514,0.0,0.4842652280137799,-0.5933153085806531,0.0,0.36089319906350753,0.5588791047660108,-0.3708989397110581,0.0,0.7996490305779855,0.062122468489845144,-0.2536488562383684,0.01804507666181182,0.0,0.34756981404562826,0.05831493562513862,0.0,-0.06615509931882939,0.8920722103275315,0.10244227618665716,0.17739711848964876,-0.35203688806372874,0.24517989488634112,0.9404255375399657,-0.3705630124165206,0.51603713236985,1.153810668772706,0.47814377413491,-0.07243368083228525,0.0,0.09339026259457832,0.9204998476515253,0.08694457318157978,0.3138539887622886,-0.13711044650936324,0.0,0.0,-0.16775857422790974,-0.08834196774679644,-0.08799397653250735,0.0,-0.46928389116572017,0.34873572004525677,0.8520368783341379,0.0,-0.20746507698587788,0.8801199334836003,0.6016795070076298,0.35467732618031156,0.0425215701448151,0.0,0.0,1.06824920540825,0.23355851555298082,0.29464278155056556,0.29581064765618026,-0.21489458216824367,1.3125451130938472,0.9839724097660526,0.09409003539200289,0.04712834695057685,0.03953229885101629,0.505487865524367,1.2218483783078096,0.04725165706105661,-0.12451484809318498,-0.3637695362583119,0.9696219567818777,0.6124328710972071,0.5447439278352331,1.7255943139974546,0.0,0.0,-0.13637800736992967,0.0,0.0858293476369075,-0.16123873015895804,0.34257844791984277,0.0,-0.13097936151785916,-0.08843216137354265,0.049950284399190054,-0.7977327177690177,-0.4516255793597187
2009,0.0,-0.5964678536274048,0.3820449891623737,0.09085703277509083,-0.05772918974090448,0.1509483815814292,0.0,0.7860652714206547,0.13284044356654504,-0.9106518201154571,0.0,0.0,0.0,0.05750605311625768,0.552620004666438,0.4826468008427184,-0.015530576467217295,0.39173126550523557,0.4702215120048124,0.4002961767009493,0.392409759893861,0.6703186186053356,0.7839249633825528,0.8330977111037706,0.35594133935580946,0.7490687848273945,0.0,-0.16979751394726247,0.630610470391899,0.0,0.43375235895951286,0.01589921282888568,0.0,0.1936495368096271,0.7747053797490542,-0.08488984296794894,0.5695605791399684,-0.4443376894861538,0.6221285429288219,-0.2637594480905444,0.5837012335692708,0.33632605631867774,0.6273933857801203,0.29739379987224496,0.3571743124163094,0.0,0.7681252398642537,0.0,0.47575644636094694,0.8077375845620692,0.3506037492384672,0.36849945294509706,0.2682985895763939,1.2544392728395464,0.2864208147500618,0.29330450741160996,1.339100010708173,0.0,0.5535556636163436,0.5461737249029334,1.363288671223202,0.37365392330730063,0.8601049624304239,2.3303343301955635,0.9563620391226492,0.03600378112214852,0.9613791771406608,-0.00844366795782022,-0.5125662942505298,-0.053728087244887826,0.5799383083167329,0.6574743397417282,0.0,0.1436931353532729,0.2889148538653588,-0.4269869438377714,0.0,0.5047820593646731,0.18111852431295222,0.21901648021471676,0.16662119350724286,0.669383014584184,0.4222895232340204,0.0,0.46526197132280667,1.0610622251049497,0.11840387665468671,0.5398106353174512,0.36326990692974526,0.0,0.5660485342760654,0.5344790286298324,0.09444158730260144,0.7794919912111821,0.2969186660171976,0.41231444592095085,0.8332096330155141,0.0,0.17826015514009783,-0.0755583690688243,0.021000811989373792,0.7174894020324912,1.5394323815943454,0.7726219315013146,0.4694182425778233,0.0,1.099566140697434,-0.14071084609102463,-0.4026092254214678,0.6034088509468389,-0.38333866909457015,0.2808906389333318,0.2915819518388659,0.0,-0.05479584505762213,0.28824206125213825,0.24136196527129458,1.9413190454699627,-0.3085877564425778,0.9120156796464992,0.0,0.0,0.47269227809400505,0.3955328518073043,-0.15534677345001108,0.3652904152636312,-0.20352868050307726,0.0,0.0,1.0833771955945468,0.0,1.2828035163653666,0.41370408246333096,0.0,1.1513500108762662,0.0,0.239127724222976,0.3475494051954611,0.0,0.3109943055155747,0.6069453572361011,0.18866213690251357,0.0,0.538649516905758,0.6181844548355077,0.0,1.021428382578822,-0.013201709447673276,0.31376072244395065,-0.10584195512481247,0.12337589381984501,0.545208502116323,0.0,0.8216804404679201,0.41897502890339605,0.0,0.5677660967385333,0.3681471140489626,0.7498776629400574,0.0,0.3985146934433749,0.7553983444238548,0.48125392601448647,0.5345709571628536,0.0,0.7306616221006946,0.20542552852440507,0.0,-0.011949329233795006,0.228945503243466,0.23666399534782812,-0.42238941300138777,-0.05182500889896449,-0.11877983166521254,1.0933528033662205,0.13316305784331917,0.5067830765003204,1.123867452211334,0.18921856770084766,0.22252933247038453,0.0,0.4186817412286957,1.4080651043493306,1.1829216364861226,0.5092225833362218,0.5049505932192725,0.0,0.0,-0.11969555176124862,0.04523904129705956,0.928878502059699,0.0,0.5258724944597782,1.3094089444403736,0.4943572012822862,0.0,0.3417018120763377,0.6474539569246828,0.5539949129961725,0.10780744335291352,0.7132722007961726,0.0,0.0,0.6407090247494933,-0.023849592192770313,1.2808584594237866,0.4316305707482409,0.11119349340168865,-0.8480479648527671,0.017736336691352876,0.314956770463029,-0.2073613015237091,0.1866320818311049,1.2601964417300076,0.7080801895307451,0.4918422890468754,0.2610356347506095,0.6498738418324308,1.073593488795196,0.049943961314057865,-0.1049176590098613,-0.11757142148412046,0.0,0.0,0.47882632845107403,0.0,0.25043045054913665,0.32598568521854043,0.13440363045124853,0.0,0.04938142146047161,0.2413780827505617,0.07521298009291935,-0.4385986741473954,0.13065333490431974
2010,0.0,-0.04865013341666484,0.4237250058108456,0.4042995585335234,-0.025180876140372264,1.1753275858757395,0.0,1.2881495561492662,0.8580007305277724,2.119358566983426,0.0,0.0,0.0,0.4759606673203987,0.37765167674669337,0.8366397450975522,2.7203907387947637,1.2394421048318367,0.46979535933389294,0.7773962919803686,0.1767589601431239,0.643275423291765,1.0448767574152122,0.8272607925607834,0.8587794540638551,0.6697488012627466,0.0,3.300946674003661,0.8537869635157441,0.0,0.9691420160595903,0.6139717902041375,0.0,-0.21256346292846895,0.47286055169527674,0.31713834427201276,0.7477533245140425,0.5959985320965878,0.40532275325238076,-1.0189717783260004,0.5813119336885324,0.6270150677142572,0.6298090598346486,0.7394138310688908,0.8427061680835051,0.0,0.5022469831319818,0.0,0.7010615021202588,0.516590618329365,0.5786535488719394,0.9708694465814082,0.33367207725785875,0.8752087832936024,1.0348618611050415,0.959542577184176,0.5061414160607752,0.0,0.6200555387440041,0.7246538406362626,0.2714896964489951,0.3497329489046065,1.2244980554958909,1.7752284701541954,0.6062865538205942,2.2613421929749227,0.48304783764111986,1.8966302673371553,0.06064551819363157,-0.8816248299748951,0.3900522870835061,0.2896686859875831,0.0,0.1652706570206819,0.34592774917987845,2.262925432884859,0.0,0.7862570597367378,0.3016408736284462,0.5642534496741483,0.47095932011667374,0.5840794612002512,0.8704556628891614,0.0,1.5127360833450183,1.2209161762241099,0.13357986486643844,0.43467522216482124,-0.02154366130403096,0.0,0.5085429342380319,0.5880947662549191,0.2959299366831454,0.7173795268159759,0.42544633755243283,0.041086426586957714,0.575888040881993,0.0,0.17141263067549295,1.7211896996467695,1.2801428879335455,1.5348947829051083,1.5255606360627887,0.3156675944475805,0.23824423242633358,0.0,1.5274482521962076,1.4052168600640738,1.4327933212899644,0.23930496675068297,0.14087522868857974,0.43439534450360356,-0.5471826706635601,0.0,1.4556807749739378,1.0189352464732093,0.7335018730226581,1.9378168943441476,0.05707393028154742,0.5138383273954863,0.0,0.0,0.4104977084544824,-0.09956610641317613,2.2827996584136026,0.7882752700346884,2.3459509953881277,0.0,0.0,0.832612726942622,0.0,2.232547507655076,0.3387182704691465,0.0,0.8868631045643386,0.0,0.6275030275556298,-0.034432133952838055,0.0,0.8201143451528157,0.7676685711052835,1.6033830562621847,0.0,0.5857916319217572,0.39437124792097383,0.0,0.5919427244964055,0.29912926377735816,0.25438752163417677,-0.42553681139964,0.024757428490274756,-0.019873698726890397,0.0,0.7560884698428396,-0.6557199992448235,0.0,0.5048531796381056,0.25739602910795434,0.38064809583317255,0.0,0.9732329360996361,0.8900343204434049,-0.39380768531584365,0.4624638673529383,0.0,1.0518488898415035,0.5545567777684774,0.0,-0.025231156374616856,1.5343392225961974,0.5363102809980765,0.9370203487681239,0.4801328121319777,0.7982806045136382,1.3968725676015765,-0.04077711473771236,0.92609018940029,1.5342070724050112,3.340121854069653,1.1840612161127986,0.0,0.6478267462614962,0.7931064125391624,0.5411379665271531,0.7274758734617474,0.34443533328711357,0.0,0.0,-0.010857141058207002,0.29907869919432967,0.6154916547086284,0.0,-0.10459860903399919,0.7364709063451146,0.445749845371249,0.0,0.13446134714486618,0.9760981100836102,0.9959822142729156,0.8268585259962127,0.5355159874862665,0.0,0.0,1.510816932396207,0.5545890354172988,0.640697273553715,0.7735689381351768,0.4756011964950501,-0.24893969893468404,1.3119071460634446,0.30662800466391404,-0.16650287172277936,0.4557161495879613,0.269661273060323,1.9523900600976565,0.07319760078579451,0.487633221699257,0.7596871981939189,3.519991281512108,0.8360794774096401,1.3415953350754986,0.5786847133376487,0.0,0.0,0.3444613928422705,0.0,0.5510317555129897,0.5452926333230643,0.25575833470052894,0.0,0.021364212454121418,0.28348265411954354,0.18420936660758502,-0.04181918944270752,0.27947419494307474
2011,0.0,2.040815261829044,-0.18058548948752506,0.1503936019135684,0.32154577027098064,1.8477406020279166,0.0,0.905430640662912,0.2475765655290761,0.9458398672435947,0.0,0.0,0.0,0.1765350243968618,0.03173819503195953,0.31924337764733945,1.2097022261004902,0.7078732845540993,-0.7184989620505485,0.4791334392008758,0.25087637577418725,0.06406397091132662,0.6063290727373667,0.6188828005761214,0.2568310882361469,1.134395392690196,0.0,1.7430646144243418,0.5926151651163174,0.0,0.28623613772735185,0.12413717543227307,0.0,-0.04467033203763879,0.1578742489067492,-1.1705942042202961,0.5846465000914268,0.48649245840608274,-0.2362415698336672,-0.06772119707359794,0.5923149146233857,0.4710133254733593,0.5620337077992751,0.27909658611274535,0.3051894462948759,0.0,0.7617184242117075,0.0,0.4961856612614118,0.5977441135803008,0.07283037792483411,0.48698889936775913,0.0575858301745408,0.8254947674389231,0.4007059267389655,-0.24158964284747259,0.32327907376382786,0.0,0.32458719884060366,0.289693618781893,0.6024272490427227,0.4702430063433351,0.34214527560986224,2.6197406530701612,0.11477391928271236,2.2342213729173697,0.0366727026971663,2.126859074028764,-0.28332087725129373,1.1351554267381454,-0.5944852743466195,-0.15721260389826977,0.0,0.09743519175253913,-0.7212434183344479,0.5140501720901922,0.0,0.5229200180390058,0.21113336389944962,0.3754600690961779,0.3428715848988466,0.5962452388952878,0.7334860022905342,0.0,0.7039602570604432,0.907623724369825,0.04660977857592267,0.5603895027563827,0.41261492111898906,0.0,0.4144808032579883,0.8360301482211051,-0.07374712430811878,0.6359182049781897,0.3707327660258353,-0.878811935787913,-0.1398287393495588,0.0,-1.2092149074174852,1.0710231606630674,0.5054118897548718,0.08782621280199507,0.7533469800903349,0.06966704083054409,0.08492877747343151,0.0,0.4524132744824911,0.7770756762219612,0.4330475002426433,0.35832605509108933,0.4463526345532351,0.10080687349450781,-0.509016055667503,0.0,0.4671980894134981,0.6618372948680404,0.12927388061466177,1.1043049264055185,-0.16133058866981564,0.05989946879576174,0.0,0.0,0.6233634058272765,-0.5833545350846695,1.5216557415806453,-0.7330801674929449,1.9075515314671914,0.0,0.0,0.6815017581515725,0.0,0.8842226749791761,0.3381148675628021,0.0,0.991941976086268,0.0,0.830371308340149,0.5634817330187806,0.0,0.25683738654474325,0.7963835030630948,1.2044138646080003,0.0,-0.1772501120158742,0.3222674867469306,0.0,0.47038490712017034,-0.05801575036865824,0.15822768075691407,-1.7417234763965017,-0.09405557288072987,0.3385684790511194,0.0,0.7486541744853177,-0.33984069732332894,0.0,-0.5382362852789607,0.4491024493262692,-0.13922893053402946,0.0,0.8323504994713317,0.6061579602099031,0.23403517395599496,0.29470193414990414,0.0,0.25455314433597687,0.013256963955378436,0.0,0.008306123805277097,0.6501606814166153,0.06900398067444177,0.051323119959770874,-0.4627727296097735,0.10537823597463053,0.42385824648556536,-0.9723493141985197,0.5647774359764021,0.9312782374203188,1.5418075023722924,0.7197258986431618,0.0,0.10351719026137887,1.5868135115783129,0.231435404842528,0.35185448330285823,0.42148265805457186,0.0,0.0,-0.07431952931332612,0.08264632455858122,0.5809556245308904,0.0,0.839956441015046,-0.411750771418705,0.8439061526410857,0.0,0.19079784262401966,0.5268851497143551,0.5799557047507087,0.9863858980114114,-0.1539137272940345,0.0,0.0,0.4081883972905444,0.06078572668055435,1.0849391051621924,0.5340864618453384,-0.18321927528994778,1.1598399925144438,1.1259389367638575,0.1220683114984055,0.20297407204833462,0.4781038350593665,0.41690818131948243,0.6492951913749502,0.4656484603564472,0.11267324675620882,0.11765800419855775,1.3314431109460148,0.2094773284206729,1.3651045304630693,1.0080548449678863,0.0,0.0,0.22792399280059403,0.0,0.13018992856361442,0.11888458667603052,0.3025820158185508,0.0,-0.9212981322383863,0.00087663922321609,-0.11706819504044448,-0.3193988095515835,-0.1242433789334287
2012,0.0,0.566255855253829,-0.3252652189551374,0.2992350247597339,2.147907762922511,0.2671030605868812,0.0,1.2474298089726454,1.1426097895056615,0.9558357807959648,0.0,0.0,0.0,0.20991717188748132,0.1294036821740284,1.2091566621641314,1.4481110446725864,1.060647233192102,-0.1674311655128986,0.009751681349605384,-0.37063070517555724,0.6173583918655032,2.903840813023857,0.7099387298467263,-0.10678031462573247,2.9716738019943745,0.0,0.8213878641932647,0.4415763110908963,0.0,0.19524293020315822,0.31369249265100946,0.0,-0.04425852160062747,0.45395249384218783,0.25746968746861604,0.24656969023555267,1.1329659501119456,0.6983681364917992,-0.03777365759534112,0.5823025121225527,0.12397631886931428,0.22642249024499464,0.3848443419516831,0.39441402023778466,0.0,0.9566135085118435,0.0,0.6065034217238576,0.8274417613113898,-0.16302309802039486,0.39301451082565114,-0.08483498227432544,1.5161954721264892,1.0018283316266472,0.04686676844530004,0.9618877937421239,0.0,-0.5624656260454155,0.5874606537190808,1.8643929798870011,0.33467779338654796,1.3609598476265798,2.5262903306260425,0.9709856161572215,-0.4918893796527634,0.3603004763117543,-0.16673631963213467,-0.35813669496776335,-0.2465159495129961,0.0788302863874522,-0.9987540507386882,0.0,0.26414692184539257,-0.564452953906919,0.7252745000852476,0.0,0.07347872267168534,-0.10194673902232128,0.11617234706828164,0.07463167151834811,0.5214195460030062,2.5834156852025827,0.0,1.6449589259613204,0.7224132870070145,-0.21079832916980956,-0.06644159173828551,0.1538603675604972,0.0,0.4664155144330814,2.2914507545917275,0.4853156444893252,2.121668268467609,0.4582764883926741,-0.6044767642674742,0.7326018200497534,0.0,-0.5058042619371887,0.8902102637654399,0.8447477197371358,1.2035616691103137,1.9347407581523686,1.4683417556850682,0.3484304037288773,0.0,1.7056807023723115,0.6008771534872756,1.8655022512857384,0.1724602918044024,0.6339645998596096,0.5073807922741411,-0.3764023241120178,0.0,1.3767848558318967,1.255957294184972,0.17479956911942432,2.428118051955115,-0.4819252721475874,1.5486921626967807,0.0,0.0,0.7939430258231561,0.9255524368359455,0.02925806274260545,-0.1885451863928394,-0.22128659972771744,0.0,0.0,0.7572116639340694,0.0,3.286224578409898,0.04815536274212073,0.0,0.5309906627548192,0.0,2.8577864382480076,-0.6105323893667464,0.0,0.14028492889167718,2.6804383519701207,0.28759187502149886,0.0,0.09569564368454124,0.22068528095213066,0.0,0.7251016551980582,-0.2273751933145577,0.15127407209817187,-0.6186173280497523,-0.2717330709081372,-0.6111618363437867,0.0,0.18219170542542967,0.2554755644350315,0.0,-0.008485253484247295,-0.7689708706871208,0.7455440189599851,0.0,0.13697430538855748,0.9488425449823105,0.7377175000027332,0.38488868827073847,0.0,0.45401704302023144,-0.008253531208729943,0.0,0.08806168949072804,0.7399301392954138,0.565207609917574,0.564323797760274,-0.30438522579265526,1.2941993878111,1.616924396672232,-0.02618481838023475,0.6245004367653244,3.0734853312070625,1.5157269923877439,1.0249448564345573,0.0,0.497817063251738,0.82755557035176,-0.2448339704071034,0.40775337370002496,0.376538385273534,0.0,0.0,-0.19394186992178017,-0.2174865544273798,0.7069234759915405,0.0,0.5744833575706649,2.1806379991472946,2.8878583808906573,0.0,-0.16258862580558475,1.6499006895526178,1.5891576811929198,-0.6586187678097186,0.39989707739333075,0.0,0.0,1.4760262560740143,0.2417302015131592,0.03985069740548382,0.03228563756997954,-0.11193046340693652,-0.18344992614206512,1.3167508307691862,0.4953972743979981,0.17437317118767245,0.08999710066323686,2.0226302669070235,1.9542491113345433,0.20029747081804034,0.5277615724099143,-0.10156824782261847,2.338287622463996,1.1374321080252048,1.177050820950827,0.7840643803494689,0.0,0.0,0.09441083371898132,0.0,0.44713460544782413,0.32503842052790527,0.04065933409517857,0.0,-0.3008336911188015,0.7032845388112439,0.6452770549845469,-0.09643054905123456,0.2297152460813041
2013,0.0,0.7451395135913661,0.30901294623111325,-0.00019889649551411517,0.32619274954484806,0.885816426143549,0.0,0.21402723817811226,1.1011026337184215,0.1440415782613724,0.0,0.0,0.0,-0.0054722200413442786,0.4623727017758565,1.1044525496158457,0.29579308879536703,1.4309397707814537,0.195027719686237,0.27357163024890285,-0.15475948136214918,0.5358549390349223,0.9316251707894765,-0.382732421400533,-0.2951396843100577,0.9508000317418411,0.0,1.4243642723953864,0.3460246348588412,0.0,0.5948705410041203,0.35107976915406636,0.0,-0.12177877321242501,0.6594780499587045,-0.05707125556094443,-0.004070506785309068,0.3412130690810363,0.726721541287066,0.5596641226418869,1.2833399506369096,0.2766879225207348,0.23642031090546867,0.6866748127335847,0.8187877553798364,0.0,0.9232246464303729,0.0,0.20258865854911315,0.6433031188272728,-0.3382155171404949,0.6089804969161984,-0.17238876041917214,0.7501756803309553,1.0065143208022962,0.7507757682223356,0.4884034631558864,0.0,0.47597811730381495,0.2933732993079486,-0.32826076535373994,0.5383264471528841,0.5775311758111463,1.849253469055828,0.24962879760116896,1.4323546017822366,0.2069969785284026,1.4349192349151483,0.1327770702630637,-0.6444128004759803,0.3872557594613537,0.4299527951069865,0.0,0.0015648460685873905,0.7201847021482619,-0.4098615415313037,0.0,0.2978522233128107,0.04310264620891068,0.11661316273743275,0.24700220380255855,0.2381675220908757,0.8424227108986001,0.0,-0.11654875838423026,0.6545277995285373,0.4534430010221702,0.27544419582300506,-0.06561212243811723,0.0,0.4438153217291881,1.1084901310587525,0.021080451175742084,1.4011190128082762,0.5118041778480723,0.5810013918132881,-0.38222975826092925,0.0,0.9159893913087884,-0.02818153832112407,-0.7295488302194839,0.1752586588218717,1.0535594009246114,0.3608891812597438,0.2430293207313538,0.0,0.5152779825350214,1.156358914400071,-0.016531266174652455,0.15983748206400483,0.45242301254020956,0.2343132833040079,-0.2025865554534219,0.0,1.8484209528453746,-0.09297765907308331,0.2055016774624293,1.3179361450788747,-0.3480108984176519,-0.1056663054076482,0.0,0.0,0.12231704349287173,0.5774191478310685,1.2798005913821981,0.5931660116102856,1.4884281562561545,0.0,0.0,0.3126410832939563,0.0,0.7507365027939993,0.3546112108103156,0.0,0.5941432619100301,0.0,0.7812447509902145,-0.04768731836082933,0.0,0.3304833454530086,0.7146882375006501,0.056591834078800106,0.0,-0.23510252344763213,0.5165435435833192,0.0,0.7235012147278355,0.14938164517831096,0.3122893094624933,0.9985353827104942,-0.4888688536690384,-0.2651637516692165,0.0,0.48009649343846555,0.22517724242659803,0.0,0.23243137742529857,0.4432600611618809,0.06973300094715482,0.0,0.5383571345360004,-0.1134462555307941,0.16207069188039724,0.2830153287957934,0.0,0.8185523470524374,0.29402021418455115,0.0,0.1257642827129151,1.0843320497593716,0.042320719661657985,1.045034389122149,0.09282222535349308,0.7373346802448849,0.5114120246303552,-0.12424504990243197,-0.6227879897523881,1.1823940881153607,1.1834471723643047,1.2739605435433892,0.0,-0.2874408301997742,0.7727583174146582,0.18229243231333472,0.33072274733325263,0.49561152355048915,0.0,0.0,0.3540756090798764,-0.002854080930733145,0.5917934777468955,0.0,0.21330109853857876,1.427095967764775,0.8387191976968861,0.0,-0.030755555773381467,1.3422058869225537,1.3170226227927693,0.6537790081459933,0.205736262823323,0.0,0.0,0.4952321490138842,-0.2415666538462157,0.5536415231809635,0.3155839555372557,-0.17396716289741912,0.8562581648450824,0.41182620111118245,0.0139886533948297,0.4924852317805062,0.34365148250798216,-0.09698106417515165,0.8903887677640513,0.4791230994446587,0.6107292075006528,0.16703898068010936,1.2784224861081164,0.7121702652290911,0.46492408766018073,0.9780544907616675,0.0,0.0,0.4236371782745355,0.0,0.10917702180883755,0.08327194904352635,0.209734882666821,0.0,-0.06210372271061715,0.3213844357828794,0.289961622328358,0.21563709766058053,0.04891370560866859
2014,0.0,0.4718592361552253,0.49889043579916287,0.016728167279154604,-0.48168775558377797,1.3457656073309938,0.0,0.6273407219732918,0.31240650012513194,1.7733809378900005,0.0,0.0,0.0,-0.056677791750423145,0.48488105239771523,0.21541439738044685,1.9988142419308599,1.1716572259183362,0.10087852620574811,0.34759444234966597,0.5282850762952338,0.5643835409842296,0.061568056664875276,0.3433802453471155,0.11529431928677872,-0.10162800128440863,0.0,1.0431193559178944,0.7766113832810396,0.0,0.14700422684591818,0.9128224706554875,0.0,-0.09062681313127026,0.7419705447858275,-0.30192058350306916,0.4521710432488985,0.3251041773423922,-0.26592326707403274,-0.20408688017478194,0.08860222742977969,0.3887766102538528,0.6541143680740623,0.4585532957692886,0.6647911427200844,0.0,1.24948998245869,0.0,-0.23926607515502002,1.1551900214280066,0.1600896814434659,0.251761082085352,0.08093350434650877,0.47213341521427477,0.45433065105300996,0.24784859998371536,1.0906294816342468,0.0,1.2616093881742225,0.8841988082430376,0.4506987840683233,0.9186569173779927,1.0187561682528203,2.343584517352223,-0.04995537789265886,1.0935216503836704,0.7435888512835427,1.113158358633367,0.17417879079565865,-0.7483764939676313,-0.18381694275161245,0.87416530277004,0.0,0.140397238486245,0.4215131600970347,1.506321286848877,0.0,0.5100038969948009,0.29712951915804076,0.6701131139692421,0.5348236282862598,0.6948636877385621,0.25673708426515257,0.0,1.0931712409190004,0.8883230267248502,0.22463579413704338,0.4152907195811428,0.7858778901232057,0.0,0.8853150303963231,-0.2240154238327614,0.4477666757135021,0.23900445892729122,0.30231684315273305,0.40822860294086166,0.9907641844067586,0.0,0.36310523872358097,1.3045771441332716,-0.0020719488820481594,1.1448389958054894,1.0755505963798537,-0.6977289768214449,0.5955308905166589,0.0,0.6231395473155187,0.2786812865405817,0.8492004233405487,0.43832834608512444,1.1328578320585876,0.35749623857607904,-0.04505709414483018,0.0,0.38774874555912114,0.477470478170131,0.3272117767831203,1.256648500377518,-0.21823421300744467,0.6079430012406654,0.0,0.0,0.8781911421231966,0.8692910544826584,0.7427290549370434,-0.10922932452046047,0.854676163237122,0.0,0.0,-0.273546313353047,0.0,0.6127582755452265,0.2784554675000162,0.0,0.4266744734107935,0.0,0.12484263439517908,0.28095671320359994,0.0,0.7690772512203837,-0.2337138555288563,0.2583436514537093,0.0,-0.14892938895937324,1.0509233899620514,0.0,0.75039700826777,0.43835254786247785,0.5226836906396709,0.20946107549079804,-0.15979624519499253,0.4184320353575135,0.0,0.838253692454203,1.28894350538721,0.0,0.5591432574030991,1.4432656898276472,0.7406139539903988,0.0,0.00015919157210075716,0.31806285865145,0.9799450180522393,0.5854325970366493,0.0,0.7872324125595728,0.41608596687155874,0.0,0.07295706157348614,0.70565440734087,0.2438449097022044,0.5889721817447274,-0.3452639399097676,0.42786168024754245,0.6205624013842339,-0.1353351951341324,-0.10343336394223539,0.33041844397243736,0.7684475482263831,1.341318877051108,0.0,0.12291529709201247,0.6051013839490819,-0.34386062402361356,0.7828096078663551,0.6567104753369412,0.0,0.0,0.16274607282960524,0.15197977788002223,1.0877595357806145,0.0,0.8440930662338302,1.6214310918862294,-0.15146388377431405,0.0,0.1748529791917536,0.46238755374446705,-0.08191960418088835,0.9962462269261669,0.511162971085419,0.0,0.0,0.578103139183008,0.2218846784670063,1.137206463690978,0.4656177480131498,0.2981862384968182,0.7478188501420935,1.2681944581641038,0.07057928284952295,0.4872320050918119,0.3385076624837686,0.5367095060096935,1.1575790803353312,0.726341952384377,0.4476832461623793,0.13917373856946028,0.9946224763837059,0.36814617182351167,0.053596873064817835,1.4176131385906057,0.0,0.0,0.7853637676875882,0.0,0.1465333004839522,0.2918191339480965,0.41140805169956135,0.0,-0.16366610535859158,0.7659346854120901,0.6526432266451064,0.17534483135527282,-0.12356069744899692
2015,0.0,0.8706071319866081,0.35544812930241454,0.22860831038957485,1.2086053912469759,0.28694858363305303,0.0,1.6417469035464778,0.4601187255295865,2.2760679219924755,0.0,0.0,0.0,0.16388238762208582,0.4847225515145013,2.7294922580215317,1.9900626247142945,1.5219548790458874,0.5272213558103247,0.6925385110657213,0.41495681327543665,0.40738519699273457,0.8915822071525834,0.7356211714358665,0.36379089653263097,1.8199614165955935,0.0,1.333905898785249,0.720554635386737,0.0,0.5990477197413376,0.9969523349199101,0.0,0.2220419998571079,0.7093835680270937,2.0627874341373356,0.5955680232182812,0.4368587651034138,2.3288565261514025,0.29695472679384116,0.060400588506968986,0.5006198137913367,0.6333928402586037,0.5530933698534856,0.8037452029393383,0.0,1.3496184713294448,0.0,0.3438420872894123,1.457074885180337,0.3332442561077099,-0.028994699832348186,-0.022963645718694654,0.6649708786178117,2.4295439758527513,1.2076292310139098,3.1659064995278383,0.0,-0.49490960568424636,1.3209469030068441,1.5514522827214818,1.3300620459333785,1.1011415995892575,3.2158862700767292,1.4308864273674755,-0.2315452987213356,1.3675430502619863,-0.4567573394998052,0.19793571277191882,-0.8825464368164471,1.200082288792605,-0.40220136890636293,0.0,0.1132098828490121,-0.2970659032760034,1.618981391473779,0.0,0.7071819752709894,0.4765101872410141,0.5012803591317638,0.48637922315244814,0.6830176289637871,1.1137321821823918,0.0,0.13307238174250038,0.907042443868624,-0.3310388511553697,0.5712836745497432,0.7655486602664068,0.0,1.1945466960800504,1.8892956684217306,0.8998467590171367,2.3876911241948093,0.4981818430134569,-0.8046830702919578,0.8237955241020385,0.0,-0.9746182741353715,1.726593351500075,0.7374118307671582,-0.516117181398266,1.0683750397581417,1.6822682644452494,0.9144105294381645,0.0,0.7670028969102208,0.09547249575802107,1.1884492786886376,0.9285181038669674,1.5247469034204555,1.1500129207707224,0.4322576229959781,0.0,0.6339965357249043,1.2280870846245608,0.8551448774353876,1.3050949242843142,-0.07353897459514279,0.41273635893266347,0.0,0.0,1.171551458106492,1.8006329610204626,0.3646448631707551,1.268436482741113,0.1674812492861675,0.0,0.0,1.0856773759800686,0.0,2.305280141685873,0.11303891737147766,0.0,0.5113116205936842,0.0,1.4840982162175393,0.3713511156049851,0.0,0.46852335019411084,1.5061037806447262,1.7296848248040335,0.0,0.3710741481125579,0.940077683447978,0.0,0.6036456361343765,0.3875648142135838,0.5452894226158144,1.036828919883309,0.11472887678696489,0.4232665337413045,0.0,0.9383361923099851,1.5971260261473845,0.0,0.44582024294669165,-0.5615995550289808,0.5987471471775169,0.0,0.5437175681871433,1.336925105929462,-0.30749915311351617,0.7772355020633694,0.0,0.9526146544005438,0.678422126081005,0.0,0.10194750067618284,1.7244191272995382,0.3137464795919859,0.29914735216990873,0.1856011713998707,0.21208208121976682,0.7530604523100616,0.0076693091690647934,0.8690819999306237,1.6636295200444942,0.453027307401276,1.7747423458410254,0.0,0.4619631713431214,1.9078367320512644,0.8314181572544198,0.6496042138517228,0.6713027716944376,0.0,0.0,0.28651886506501273,0.35948743180849674,1.595724141660692,0.0,0.998884448612072,0.022539924708645544,1.9567736735481798,0.0,0.20416902278573074,2.6575324222004992,2.0656624715480043,-0.349339538502864,1.1148555866460332,0.0,0.0,0.45282331223976147,0.3333698226380572,1.0162584797967955,0.7489112494492842,0.7672483993174397,1.0665107226761057,1.5986846640808086,0.4634362017256396,0.010939451984029347,0.36525000164719673,1.1007107431715117,0.8501262597808745,0.5143404290839958,0.5458725847674208,1.1012282999437484,1.6071611988904821,0.2848472481078703,0.7449384943449838,1.5801195344492622,0.0,0.0,0.846770308101799,0.0,0.29303995591296444,0.8827548644495238,0.5498179899407367,0.0,0.23674650669035677,1.986854970408261,1.3879180160678422,0.19897207780036238,0.691548669155567
2016,0.0,1.373681647635874,0.874700008112967,0.4340678431027527,0.3649426571608911,0.6377473880665814,0.0,1.234725484813486,1.3886376567964889,0.8659007325678755,0.0,0.0,0.0,0.44963605209726515,0.5814711033242798,0.9195805583276607,1.2931256439320227,1.7215819739518903,0.5101400190159727,0.5377503325781925,-0.11865776955470057,0.871784335066715,1.1686595906333723,0.6714150674630067,0.5400450999493674,0.5969139516790011,0.0,1.435765963604805,0.7758870725163821,0.0,1.3769082417482907,0.7554066734991866,0.0,0.17687134442198754,0.922539525460687,2.0115738444585864,0.4963986874241873,1.029257667463583,0.7054737435380443,0.8070869281404416,0.8949078617997783,0.6720884479603568,0.6339047762388886,1.0860529374644712,1.4186313932507024,0.0,1.072439605254343,0.0,0.46758476040074964,0.9152269432459843,0.5390479306280989,0.6387487814854277,0.37219573964159736,1.2646378784092738,1.008433423571855,0.8196301684400219,1.2048015002752552,0.0,0.5160635878678966,0.8294880847943087,0.4881937363403497,1.3441834014468454,1.8052419502730561,2.60844428483485,1.2451182790328952,0.6681878674861165,0.6536885780448984,0.47733402461841706,0.617427315311544,-0.34927224400080936,0.4475928110143386,0.34504122313531765,0.0,0.8484377484181802,0.5660722967285595,0.8712500712654222,0.0,0.6554470933783997,0.36612086783369646,0.13581787976080345,0.4359854752586251,0.9913944759393912,1.2168768515796762,0.0,1.2948224238432873,1.1136414578328093,0.36297076360585834,0.6811905059189015,0.6672656603003613,0.0,1.0888233812138066,0.7445608058009989,0.4621497591461561,0.8159244063180168,1.025952080856982,0.30900098771007833,0.5938012110658969,0.0,0.45904065212218503,1.1261127049907302,0.8489238729097582,1.1784502037463913,1.767140502142216,0.2520468129603116,1.0522686828467562,0.0,1.7071777316295356,0.681767655030394,0.7563169144739232,0.706710736944126,0.6777299858007941,0.8154201042650162,-0.12828419371667055,0.0,1.4754779226432835,1.30939811898484,0.7593959722383565,2.0948300031505105,0.03025389091597957,0.06878604046774844,0.0,0.0,0.956124506030309,1.7669009034051082,0.8318041377775983,0.5055779535021108,0.8350482704406611,0.0,0.0,1.4517306152518183,0.0,1.4359451174310172,0.6742553889087844,0.0,0.5692077045814169,0.0,0.9512288452381081,-0.005448802179255238,0.0,0.5641578973693553,0.37125159510665606,1.5535152911944339,0.0,1.0514293955645035,0.18994074307023462,0.0,0.7561958086812413,1.3397116175114212,0.6037297377980088,1.8349208345135766,0.6268893242164215,-0.3333096627326102,0.0,0.6678147442636176,0.7397159755428203,0.0,0.6593672445609742,0.28531567065908403,0.38105123200944224,0.0,1.0261373459492278,0.8253176631881174,0.5360630295605688,0.5236136055844566,0.0,1.3299639818869755,0.7188378408017956,0.0,0.3245505487083253,1.017020207954122,0.28806091778525694,0.6957824418911698,0.5396412511170071,0.45459544765607757,1.6496111405129454,0.3304509045962997,-0.0353346033624644,1.1810791698197904,1.86627474685858,1.821416033307092,0.0,0.21365729705815284,1.1203915969491822,0.26136253292629347,0.14423261402203552,0.7273371897071191,0.0,0.0,0.4459471372129609,0.318443828508724,1.239556940891952,0.0,0.95780120687467,0.8920699924903059,0.4127785016738012,0.0,0.3262250687682833,1.0777389147735064,0.7990986483828767,0.4820864062442695,0.9931463548808742,0.0,0.0,1.6286109988153648,0.3794814791276622,0.36981799818321176,0.5747334284503613,0.3115821056954103,0.5577951607773611,0.9828868959442517,1.0160087580312125,0.2934463094646276,0.6899299444753086,0.26951733163890307,1.7211567918606834,1.1524903899670598,0.9826750519767224,1.1410671969196318,1.877886585642597,1.350993361362768,1.468263346248338,1.1826074798533017,0.0,0.0,0.8694274882336565,0.0,0.4465509135935122,0.9556195689314247,0.8971512799720898,0.0,0.7422236525130756,1.3458028590519655,1.4971106571903376,0.7150129914578328,1.2742504326000152
